,popularity,vote_count,id,original_language,genre_ids,title,vote_average,overview,release_date
0,1497.123,698,531219,en,"[14, 10751, 12, 35, 27]",Roald Dahl's The Witches,6.9,"In late 1967, a young orphaned boy goes to live with his loving grandma in the rural Alabama town of Demopolis. As the boy and his grandmother encounter some deceptively glamorous but thoroughly diabolical witches, she wisely whisks him away to a seaside resort. Regrettably, they arrive at precisely the same time that the world's Grand High Witch has gathered.",2020-10-26
1,562.083,354,718444,en,"[28, 12, 18, 53]",Rogue,5.8,"Battle-hardened O’Hara leads a lively mercenary team of soldiers on a daring mission: rescue hostages from their captors in remote Africa. But as the mission goes awry and the team is stranded, O’Hara’s squad must face a bloody, brutal encounter with a gang of rebels.",2020-08-20
2,475.982,50,594718,ru,"[878, 18, 27]",Sputnik,6.4,"At the height of the Cold War, a Soviet spacecraft crash lands after a mission gone awry, leaving the commander as its only survivor. After a renowned Russian psychologist is brought in to evaluate the commander’s mental state, it becomes clear that something dangerous may have come back to Earth with him…",2020-09-10
3,444.615,179,531499,en,"[28, 80, 18]",The Tax Collector,6.0,David Cuevas is a family man who works as a gangland tax collector for high ranking Los Angeles gang members. He makes collections across the city with his partner Creeper making sure people pay up or will see retaliation. An old threat returns to Los Angeles that puts everything David loves in harm’s way.,2020-08-07
4,347.616,121,425001,en,"[35, 10751, 18]",The War with Grandpa,6.0,"Peter is thrilled that his Grandpa is coming to live with his family. That is, until Grandpa moves into Peter's room, forcing him upstairs into the creepy attic. And though he loves his Grandpa, he wants his room back - so he has no choice but to declare war.",2020-08-27
5,327.609,101,726739,en,"[35, 28]",Cats & Dogs 3: Paws Unite,6.6,"It's been ten years since the creation of the Great Truce, an elaborate joint-species surveillance system designed and monitored by cats and dogs to keep the peace when conflicts arise. But when a tech-savvy villain hacks into wireless networks to use frequencies only heard by cats and dogs, he manipulates them into conflict and the worldwide battle between cats and dogs is BACK ON. Now, a team of inexperienced and untested agents will have to use their old-school animal instincts to restore order and peace between cats and dogs everywhere.",2020-10-02
6,267.579,0,591629,en,[18],Lady Driver,0.0,"When a rebellious teen embarks on a solo summer journey to connect with her roots, she finds herself in a new world, geared up for the ride of her life, and discovers she had the drive in her all along.",2020-12-03
7,237.5,47,595149,en,"[27, 9648]",Death of Me,5.5,"A couple on holiday on a remote South Pacific island awaken one morning with a hang over and no recollection of what transpired. When playing back a video of the previous night, they see they participated in a local ritual that somehow ends with him murdering her.",2020-10-02
8,220.44,260,501979,en,"[35, 878, 12]",Bill & Ted Face the Music,6.3,"Yet to fulfill their rock and roll destiny, the now middle-aged best friends Bill and Ted set out on a new adventure when a visitor from the future warns them that only their song can save life as we know it. Along the way, they are helped by their daughters, a new batch of historical figures and a few music legends—to seek the song that will set their world right and bring harmony to the universe.",2020-08-27
9,241.693,418,524047,en,"[28, 53]",Greenland,7.1,"John Garrity, his estranged wife and their young son embark on a perilous journey to find sanctuary as a planet-killing comet hurtles toward Earth. Amid terrifying accounts of cities getting levelled, the Garrity's experience the best and worst in humanity. As the countdown to the global apocalypse approaches zero, their incredible trek culminates in a desperate and last-minute flight to a possible safe haven.",2020-07-29
10,220.103,0,611605,en,"[53, 18, 27]",1BR,0.0,"When Sarah lucks into a sweet one-bedroom at Asilo Del Mar Apartments in Los Angeles, she think she's hit the jackpot. It's got plenty of space, friendly tenants, group BBQs and even a cute neighbour next door. All is not what it seems: loud noises start keeping her awake at night; her cat is missing; everyone seems to be a little too helpful and friendly, except for the weirdo, Lester. Soon, Sarah learns she didn't choose this apartment — it chose her.",2020-11-26
11,190.127,772,413518,it,"[14, 10751, 12, 18]",Pinocchio,6.7,"In this live-action adaptation of the beloved fairytale, old woodcarver Geppetto fashions a wooden puppet, Pinocchio, who magically comes to life. Pinocchio longs for adventure and is easily led astray, encountering magical beasts, fantastical spectacles, while making friends and foes along his journey. However, his dream is to become a real boy, which can only come true if he finally changes his ways.",2019-12-19
12,181.735,111,590995,en,"[27, 18, 14]",The Craft: Legacy,6.4,An eclectic foursome of aspiring teenage witches get more than they bargained for as they lean into their newfound powers.,2020-10-28
13,133.132,3,529203,en,"[12, 14, 10751, 16]",The Croods: A New Age,5.7,"After leaving their cave, the Croods encounter their biggest threat since leaving: another family called the Bettermans, who claim to be better and evolved. But after Eep and the Bettermans' only daughter escape, the two families must put aside their differences to save them.",2020-11-19
14,112.049,185,417466,es,"[18, 53]",Monos,6.8,"On a faraway mountaintop, eight kids with guns watch over a hostage and a conscripted milk cow.",2019-09-05
15,109.504,13,551804,en,"[27, 53, 35]",Freaky,7.9,"A mystical, ancient dagger causes a notorious serial killer to magically switch bodies with a 17-year-old girl.",2020-11-11
16,88.027,176,520725,fr,"[14, 12, 35]",The Lost Prince,5.8,"Djibi lives alone with Sofia, his 8-year-old daughter. Every night, he invents a story to put him to sleep. When Sofia falls asleep, these extraordinary stories come to life somewhere in an imaginary world inhabited by knights, pirates and other dragons. In this world that belongs only to them, Sofia is always the princess to save, and the brave Prince is none other than Djibi himself.  But 3 years later, the entry of Sofia to the college will mark the end of her childhood. To the despair of her father, she no longer needs her stories at night. On the one hand, Djibi will have to accept that his daughter will grow up and move away from him. On the other hand, in the World of Stories, the Prince will have to face the most epic of all his adventures. Find your destiny in a world where it no longer has a place.",2020-02-12
17,82.825,47,399363,en,"[14, 12, 10751]",Wendy,6.5,"A re-imagining of ""Peter Pan"" from the point of view of Wendy Darling, who finds herself lost on a mysterious island where aging and time have come unglued. She must fight to save her family, her freedom and the joyous spirit of youth.",2020-02-28
18,83.343,690,587792,en,"[35, 10749, 14, 9648]",Palm Springs,7.5,"When carefree Nyles and reluctant maid of honor Sarah have a chance encounter at a Palm Springs wedding, things get complicated when they find themselves unable to escape the venue, themselves, or each other.",2020-07-10
19,80.518,0,652004,en,"[27, 53]",The Wolf of Snow Hollow,0.0,A stressed-out police officer struggles not to give in to the paranoia that grips his small mountain town as bodies turn up after each full moon.,2020-12-10
0,85.878,679,585244,en,"[18, 10402]",I Still Believe,7.8,The true-life story of Christian music star Jeremy Camp and his journey of love and loss that looks to prove there is always hope.,2020-03-12
1,74.2,18,390635,ja,[16],Fate/stay night: Heaven's Feel III. Spring Song,4.4,"As Sakura drowns in the murky darkness of the sins she has committed, Shirō's vow to protect her at all costs leads him into a raging battle to put an end to the Holy Grail War.  Will Shirō's wish reach Sakura even as he challenges fate itself in a desperate battle against the rising tide?",2020-08-15
2,70.569,7,605499,en,"[18, 10749]",Monsoon,4.3,"Kit can’t remember much of his native Vietnam. When he returns to the Land of the Golden Star for the first time in over thirty years, he takes in his local surroundings as any Western tourist would, and the environment is as exotic as the language is incomprehensible. The aim of Kit’s travels – to find a place to scatter his parents’ ashes – thus becomes part of a journey back to his roots and to the discovery of his identity, which external circumstances have rendered ambiguous and complex.",2020-09-25
3,76.483,49,583132,ja,[27],Sadako,6.5,"A group of people must find out how to stop the newborn deadly curse, which has born and gone viral after a Youtuber accidentally captured a vengeful ghost on camera.",2019-05-24
4,68.268,36,610201,en,"[27, 37]",The Pale Door,6.1,"The Dalton gang escape to a nearby town after a train robbery goes south, but they are met by a coven of witches with sinister plans for the unsuspecting outlaws.",2020-08-21
5,54.134,7,527400,en,"[14, 12, 18]",Come Away,5.9,"Before Alice went to Wonderland, and before Peter became Pan, they were brother and sister. When their eldest brother dies in a tragic accident, they each seek to save their parents from their downward spirals of despair until finally they are forced to choose between home and imagination, setting the stage for their iconic journeys into Wonderland and Neverland.",2020-11-12
6,53.043,0,458576,en,"[14, 28, 12]",Monster Hunter,0.0,"A portal transports Lt. Artemis and an elite unit of soldiers to a strange world where powerful monsters rule with deadly ferocity. Faced with relentless danger, the team encounters a mysterious hunter who may be their only hope to find a way home.",2020-12-03
7,62.501,15,661950,en,"[27, 53]",Alone,6.1,"When an outbreak hits, Aidan barricades himself inside his apartment and starts rationing food. His complex is overrun by infected Screamers, and with the world falling apart into chaos, he is left completely alone fighting for his life.",2020-11-18
8,36.296,7,516632,en,"[80, 18, 27]",The Empty Man,6.3,"After a group of teens from a small Midwestern town begin to mysteriously disappear, the locals believe it is the work of an urban legend known as The Empty Man. As a retired cop investigates and struggles to make sense of the stories, he discovers a secretive group and their attempts to summon a horrific, mystical entity, and soon his life—and the lives of those close to him—are in grave danger.",2020-10-22
9,46.252,151,585077,ja,"[16, 14, 12, 9648]",Children of the Sea,7.2,"Ruka is a young girl whose parents are separated and whose father works in an aquarium. When two boys, Umi and Sora, who were raised in the sea by dugongs, are brought to the aquarium, Ruka feels drawn to them and begins to realize that she has the same sort of supernatural connection to the ocean that they do. Umi and Sora's special power seems to be connected to strange events that have been occurring more and more frequently, such as the appearance of sea creatures far from their home territory and the disappearance of aquarium animals around the world. However, the exact nature of the boys' power and of the abnormal events is unknown, and Ruka gets drawn into investigating the mystery that surrounds her new friends.",2019-06-07
10,45.799,5,596161,en,"[18, 53, 80]",Let Him Go,7.5,A retired sheriff and his wife fight to rescue their grandson from a dangerous off-grid family upon the death of their son.,2020-11-05
11,33.184,0,521007,en,"[28, 35]",Superintelligence,0.0,"When an all-powerful Superintelligence chooses to study the most average person on Earth, Carol Peters, the fate of the world hangs in the balance. As the A.I. decides to enslave, save or destroy humanity, it’s up to Carol to prove that people are worth saving.",2020-11-26
12,45.762,15,547017,en,"[18, 53]",Shirley,7.0,A famous horror writer finds inspiration for her next book after she and her husband take in a young couple.,2020-09-11
13,48.867,52,553604,en,"[28, 53, 80, 18]",Honest Thief,6.7,"A bank robber tries to turn himself in because he's falling in love and wants to live an honest life...but when he realizes the Feds are more corrupt than him, he must fight back to clear his name.",2020-03-12
14,29.588,15,680593,en,[27],The Dark and the Wicked,6.0,"On a secluded farm in a nondescript rural town, a man is slowly dying. His family gathers to mourn, and soon a darkness grows, marked by waking nightmares and a growing sense that something evil is taking over the family.",2020-10-29
15,44.905,11,575446,es,[18],New Order,6.0,"In the near future, a popular uprising in Mexico City interrupts a wedding held at the home of a wealthy family. After the riots have been quashed, they discover the bride has gone missing and plea with the military to help locate her.",2020-10-22
16,54.284,4,632632,ja,"[16, 18, 10402]",Given,6.8,"Following the airing of the final episode of the Given anime adaptation today in Japan, the official Twitter account announced that a feature film adaptation will be released in 2020 directly picking up where the TV series left off.",2020-08-22
17,36.635,73,416153,en,"[16, 12, 35]",Arctic Dogs,6.2,Animals band together to save the day when the evil Otto Von Walrus hatches a sinister scheme to accelerate global warming and melt the Arctic Circle.,2019-11-01
18,33.955,221,480857,en,"[18, 10749, 36]",Radioactive,6.4,The story of Nobel Prize winner Marie Curie and her extraordinary scientific discoveries—through the prism of her marriage to husband Pierre—and the seismic and transformative effects their discovery of radium had on the 20th century.,2019-09-06
19,39.108,0,680601,en,[],Up From the Streets - New Orleans: The City of Music,0.0,"A film looking at the culture of New Orleans thru the lens of music. Hosted by Oscar nominee and 6-time Grammy Winner Terence Blanchard, the film tells the story of how music and culture intersected to create a distinct form of expression.",2020-11-19
0,15.264,45,622420,en,[27],The Jack in the Box,4.7,"When a vintage Jack-in-the-box is un-earthed and opened, it's new owners soon have reason to believe the creepy clown doll within has a life of it's own.",2020-02-17
1,19.572,0,632322,en,"[18, 10749]",All My Life,0.0,A couple's wedding plans are thrown off course when the groom is diagnosed with liver cancer.,2020-10-23
2,23.341,0,660637,es,[18],Dance of the 41,0.0,The true story of the infamous transvestite party that scandalized Mexico in 1901.,2020-11-19
3,18.053,1035,472734,en,"[35, 18]",Dumplin',6.9,"To prove a point about measuring up and fitting in, Texas teen Willowdean “Dumplin’” Dickson enters a local pageant run by her ex-beauty queen mom.",2018-12-20
4,16.038,0,654028,en,"[10751, 14, 12]",The Christmas Chronicles 2,0.0,"Kate Pierce is reluctantly spending Christmas with her mom’s new boyfriend and his son Jack. But when the North Pole and Christmas are threatened to be destroyed, Kate and Jack are unexpectedly pulled into a new adventure with Santa Claus.",2020-11-25
5,16.176,6,658009,zh,"[28, 18]",Ip Man: Kung Fu Master,6.3,Ip Man’s promising career as a Policeman is ruined after he is framed for murder and targeted by a mob boss’s daughter.,2019-12-23
6,17.266,0,615667,en,"[18, 10402]",Ma Rainey's Black Bottom,0.0,Tensions rise when the trailblazing Mother of the Blues and her band gather at a Chicago recording studio in 1927. Adapted from August Wilson's play.,2020-11-25
7,17.757,2,614560,en,"[18, 36]",Mank,8.5,1930s Hollywood is reevaluated through the eyes of scathing social critic and alcoholic screenwriter Herman J. Mankiewicz as he races to finish the screenplay of Citizen Kane.,2020-11-06
8,17.44,4,480434,en,"[53, 18]",Dreamland,7.0,"Amid the dust storms and economic depression of Dustbowl Era Oklahoma, Eugene Evans finds his family farm on the brink of foreclosure. His last bet to save the farm is the bounty on the head of fugitive bank robber Allison Wells.",2020-11-13
9,24.098,0,314514,en,[18],El Viaje de Ana,0.0,"Between France and Chile, the journey of a young woman following in the footsteps of Chilean poet Francisco Contreras' exiled wife jostles fiction and reality.",2020-11-18
10,17.268,2,650783,en,"[28, 35]",The Comeback Trail,8.5,"Producer Max Barber is in debt to a mob boss after his latest film bombs. With his life at stake, Max produces a new film, all to kill his lead in a stunt for insurance. Max casts drunk Duke Montana, but when he is unable to kill Duke in a basic stunt, Max puts him into more dangerous situations.",2020-11-12
11,18.003,2495,76,en,"[18, 10749]",Before Sunrise,7.9,"On his way to Vienna, American Jesse meets Céline, a student returning to Paris. After long conversations forge a surprising connection between them, Jesse convinces Celine to get off the train with him in Vienna. Since his flight to the U.S. departs the next morning and he has no money for lodging, they wander the city together, taking in the experiences of Vienna and each other.",1995-01-27
12,20.079,0,622977,en,[18],The Last Vermeer,0.0,"A soldier and member of the Dutch resistance investigates stolen art in the wake of the Second World War, including a Vermeer sold to the Nazis by a flamboyant forger.",2020-11-20
13,19.494,469,450322,en,"[18, 36, 35]",The Man Who Invented Christmas,6.7,"In 1843, despite the fact that Dickens is a successful writer, the failure of his latest book puts his career at a crossroads, until the moment when, struggling with inspiration and confronting reality with his childhood memories, a new character is born in the depths of his troubled mind; an old, lonely, embittered man, so vivid, so human, that a whole world grows around him, a story so inspiring that changed the meaning of Christmas forever.",2017-10-12
14,17.622,78,522098,en,"[18, 35]",Babyteeth,6.6,A terminally ill teen upsets her parents when she falls in love with a small-time drug dealer.,2020-06-18
15,15.991,0,611213,en,"[35, 10402]",The Prom,0.0,A troupe of hilariously self-obsessed theater stars swarm into a small conservative Indiana town in support of a high school girl who wants to take her girlfriend to the prom.,2020-12-02
16,15.11,336,574436,it,"[18, 80]",Piranhas,6.8,A gang of teenage boys stalk the streets of Naples armed with hand guns and AK-47s to do their mob bosses' bidding - until they decide to be the bosses themselves.,2019-02-14
17,15.751,0,664162,en,"[28, 10752]",A Rebel Born,0.0,"A Rebel Born follows the life of Nathan Bedford Forrest, who was a brilliant and very controversial Confederate general in the War Between the States. Even now, more than 150 years after the end of the war, Forrest has remained surrounded in controversy.",2020-12-03
18,15.446,0,502033,en,[18],Sound of Metal,0.0,A drummer begins to lose his hearing and has to come to grips with a future that will be filled with silence.,2020-11-20
19,12.501,1457,132344,en,"[10749, 18]",Before Midnight,7.5,"It has been nine years since we last met Jesse and Celine, the French-American couple who once met on a train in Vienna. Now, live in Paris with twin daughters, but have spent a summer in Greece on the invitation of an author colleague of Jesse's. When the vacation is over and Jesse must send his teenage son off to the States, he begins to question his life decisions, and his relationship with Celine is at risk.",2013-04-05
0,17.355,131,661804,fr,"[36, 18]",De Gaulle,6.3,"Paris, June 1940. The de Gaulle couple is confronted with the military and political collapse of France. Charles de Gaulle joins London while Yvonne, his wife, finds herself with her three children on the road of the exodus.",2020-03-04
1,14.292,7,533514,ja,"[16, 18, 10749, 14]",Violet Evergarden: The Movie,6.4,"After working as an Auto Memory Doll, Violet Evergarden has come to learn the meaning of the words “I love you.” Her soul, which has been deeply scarred by the war, has begun to heal. She continues to move forward in life, helping others in need, while keeping the words of the first person who ever said “I love you” to her close to her heart. When she takes on a job to write a letter for a terminally-ill boy, time starts to move forward.",2020-09-18
2,15.348,19,586742,da,"[16, 12, 35]",Dreambuilders,7.1,"Minna, a young girl, misuses her newfound ability to create and control other people’s dreams to teach her bothersome stepsister a lesson. When her stepsister can no longer wake up, Minna has to enter the dream world to save her.",2020-02-06
3,16.473,0,426793,en,[],Parallel,0.0,"A group of friends stumble upon a mirror that serves as a portal to a ""multiverse"", but soon discover that importing knowledge from the other side in order to better their lives brings increasingly dangerous consequences.",2020-12-11
4,10.225,0,723343,ja,"[16, 28, 10749, 878]",Date A Bullet: Nightmare or Queen,0.0,,2020-11-13
5,14.858,62,507441,en,"[878, 27, 53]",Sea Fever,5.8,The crew of a West of Ireland trawler—marooned at sea—struggle for their lives against a growing parasite in their water supply.,2020-06-12
6,13.583,3,602654,en,[53],Horizon Line,4.7,A couple flying on a small plane to attend a tropical island wedding must fight for their lives after their pilot suffers a heart attack.,2020-10-29
7,14.055,8,588709,pl,"[99, 18]",Faustina: Love and Mercy,8.1,"Docudrama tracing the life of Saint Faustina Kowalska, whose visions of Jesus Christ inspired the Roman Catholic devotion to the Divine Mercy and earned her the title of ""Apostle of Divine Mercy"".",2019-03-29
8,17.311,0,718356,en,[],Bela Shuru,0.0,Upcoming Movie from Windows Production house,2020-11-20
9,17.007,33,615115,en,"[53, 18]",The Secrets We Keep,6.2,"In post-World War II America, a woman, rebuilding her life in the suburbs with her husband, kidnaps her neighbor and seeks vengeance for the heinous war crimes she believes he committed against her.",2020-09-16
10,15.025,0,652962,en,"[35, 18]",Half Brothers,0.0,"A story about the complex connection with a brother who is based in Mexico, meant to be a metaphor of the relationship between neighboring countries America and Mexico.",2020-12-04
11,12.011,0,615681,en,"[28, 12, 10751]",Carmen Sandiego,0.0,A live-action feature film based on Carmen Sandiego.,2020-12-01
12,12.178,2072,80,en,"[18, 10749]",Before Sunset,7.8,"Nine years later, Jesse travels across Europe giving readings from a book he wrote about the night he spent in Vienna with Celine. After his reading in Paris, Celine finds him, and they spend part of the day together before Jesse has to again leave for a flight. They are both in relationships now, and Jesse has a son, but as their strong feelings for each other start to return, both confess a longing for more.",2004-02-10
13,11.452,10,681580,es,[53],Cross the Line,6.5,A good-natured man has an unexpected deadly confrontation. Instincts kick in to clean up the mess caused in the name of self-defense but does one really get away free after killing someone?,2020-10-16
14,12.881,0,609760,en,"[27, 53]",The Collected,0.0,"The third film in The Collector series, following ""The Collector"" (2009) and ""The Collection"" (2012).",2020-11-26
15,15.116,0,738894,en,[99],Dear Werner (Walking on Cinema),0.0,"In 1974 Werner Herzog walked from Munich to Paris, an act of faith to prevent the  death of his mentor Lotte Eisner. In 2020, a young filmmaker walks following Herzog´s footprints in an act of love to one of the best filmmakers of our time. A journey through villages, nature, loneliness and cold, looking for the meaning of filmmaking. Including fragments of the book ""Of Walking in Ice"" by legendary filmmaker Werner Herzog narrated by himself exclusively for the film.",2020-11-20
16,16.734,0,755862,fr,[18],Mater,0.0,,2020-11-18
17,10.279,211,13754,ja,"[28, 12, 16]",Tekkonkinkreet,7.5,"When mysterious foreign entrepreneurs appear with the intention of tearing down Treasure Town and replacing it with an amusement park, Black and White face their greatest adversaries yet. It is up to the destructive Black to save the fate of the city and up to the gentle White to save Black from his own dark nature. On the street of an unnamed city, literally high-flying urchins Black and White look to protect their turf from invasion from other gangs. While he can be tough in a fight or wielding a weapon, White is an 11-year-old who can't even dress himself. Slightly older, Black is more worldly and treats his buddy with paternal love. Both look on their city as ""our town."" Also prone to seeing the city as his property is world-weary yakuza leader Suzuki, aka the Rat. Feeling the town has become too placid, Suzuki plots his return, much to the consternation of local police.",2006-12-11
18,14.793,218,481375,en,[27],Malevolent,4.9,"A brother-sister team who fake paranormal encounters for cash get more than they bargained for when a job at a haunted estate turns very, very real.",2018-12-13
19,16.39,0,712178,fr,"[18, 35]",Gagarine,0.0,"Yuri, 16, has lived all his life in Gagarin Towers, a vast red-brick housing project on the outskirts of Paris. He dreams of becoming an astronaut. When plans to demolish Gagarin Towers leak out, Yuri joins the resistance.  With his friends Diana and Houssam, he embarks on a mission to save their home, which has become his “starship.”",2020-11-18
0,15.989,1,759917,ko,[27],요가학원: 죽음의 쿤달리니,6.0,,2020-11-18
1,11.266,76,580175,da,"[18, 35]",Another Round,8.0,Four high school teachers launch a drinking experiment: upholding a constant low level of intoxication.,2020-10-08
2,11.762,0,683535,en,[],Before The Wrath,0.0,"While scholars debate the timing of the Rapture, the world has lost why this event is prophesied to occur in the first place; knowledge that was once understood by those in the first century. Today, researchers in the Middle-East have rediscovered ancient anthropological evidence from the time of Christ that reveals exactly how and why the Rapture must occur; unveiling new biblical insight that will reignite hope for believers and prepare the world for what's coming.",2020-11-26
3,15.607,0,755881,fr,[16],En attendant la neige,0.0,"Winter is coming... A grandmother collects strange objects in her house, which will soon be filled to the ceiling. A lost dog finally meets a friend. The little tiger regains its stripes and a lynx wanders off in an unknown city while the first snowflakes gently cover the ground of a forest asleep by the cold...",2020-11-18
4,13.308,10,520946,en,"[16, 10751]",100% Wolf,7.0,"Freddy Lupin, heir to a proud family line of werewolves, is in for a shock when on his 14th birthday his first 'warfing' goes awry, turning him into a ferocious poodle. The pack elders give Freddy until the next moonrise to prove he has the heart of a wolf, or risk being cast out forever. With the help of an unlikely ally in a streetwise stray named Batty, Freddy must prove he's 100% Wolf.",2020-05-07
5,11.111,8,575776,en,"[27, 18, 9648]",Saint Maud,7.6,"Having recently found God, self-effacing young nurse Maud arrives at a plush home to care for Amanda, a hedonistic dancer left frail from a chronic illness. When a chance encounter with a former colleague throws up hints of a dark past, it becomes clear there is more to sweet Maud than meets the eye.",2020-10-09
6,12.867,0,727097,en,"[28, 12]",Archenemy,0.0,"Max Fist claims he’s a hero from another dimension who has somehow landed on Earth and been stripped of his powers. Instead of treating him like a powerful champion, no one believes Max’s claims — except for a teenager named Hamster and his sister Indigo. The siblings convince Max to help them take out a local drug gang, where Max’s abilities are put to a violent and harrowing test.",2020-12-11
7,10.985,0,646593,en,"[28, 53, 80, 9648]",Wander,0.0,"After getting hired to probe a suspicious death in the small town of Wander, a mentally unstable private investigator becomes convinced the case is linked to the same 'conspiracy cover up' that caused the death of his daughter.",2020-12-04
8,10.972,0,589456,cn,"[18, 10402]",Find Your Voice,0.0,"Yan Zilang is an internationally acclaimed conductor working in the United States. After his former teacher inherits a group of problem students, Zilang returns to Hong Kong to assist with training them. Although it won’t be an easy task, Zilang is prepared to do everything he can to help the kids find their voices.",2020-11-13
9,15.249,0,592777,fr,[18],Should the Wind Drop,0.0,"International auditor Alain has arrived to appraise the airport of a small self-proclaimed republic in the Caucasus to green light its eventual reopening. Through Edgar, a local boy running a make-shift business in the airport, Alain will risk all to help this isolated territory to open up.",2020-11-18
10,15.166,0,745699,nl,[18],Family,0.0,"""An acting family plays the members of a family about to take their own lives in this heartbreaking celebration of the ordinary. (...) Performed at the stately pace of a slow piece of Bach, Familie is assured, soulful and unnerving."" - The Guardian",2020-11-18
11,13.128,0,614911,en,"[18, 878, 14]",The Midnight Sky,0.0,A lone scientist in the Arctic races to contact a crew of astronauts returning home to a mysterious global catastrophe.,2020-12-10
12,9.298,0,514466,en,"[35, 28]",Supercool,0.0,"Best friends, Neil and Gilbert start their senior year of high school with high hopes and aspirations. Neil has always fantasized about being cool enough to date his long time crush and Gilbert has always dreamed of being a social media super star. After what is, by all accounts, a very disappointing and embarrassing first day in school, Neil makes a magical wish to be cool just at the magical moment when the clock strikes 11:11. The next morning, Neil wakes up to a reality that is straight from the comics of his dreams.",2020-11-28
13,11.31,0,744080,en,[99],Dear Santa,0.0,"An elixir to our current state, ""Dear Santa"" takes us on the fanciful and poignant journey of a little known program called Operation Santa. For more than 100 years, human elves have been helping Santa respond to the thousands of letters children write and mail to him. This gripping documentary crisscrosses the country, following the most emotional letters as the elves work hard to make sure each child’s Christmas dreams come true.",2020-10-08
14,14.826,0,353047,en,[99],Zappa,0.0,"With the help of more than 10,000 dedicated Zappa fans, this is the long-awaited definitive documentary project of Alex Winter documenting the life and career of enigmatic groundbreaking rock star Frank Zappa. Alex also utilizes in this picture thousands of hours of painstakingly digitized videos, photos, audio, writing, and everything in between from Zappa's private archives. These chronicles have never been brought to a public audience before, until now.",2020-11-27
15,12.478,158,548544,pt,[18],Invisible Life,8.1,"Rio de Janeiro, Brazil, 1950. In the conservative home of the Gusmão family, Eurídice and Guida are two inseparable sisters who support each other. While Guida can share with her younger sister the details of her romantic adventures, Eurídice finds in her older sister the encouragement she needs to pursue her dream of becoming a professional pianist.",2019-08-30
16,10.66,0,702621,en,"[27, 18]",Lullaby,0.0,,2020-12-01
17,10.456,0,718416,en,"[53, 27, 80, 18, 9648]",Smiley Face Killers,0.0,"Handsome young soccer player Jake Graham believes he is going insane- unable to shake the feeling of being stalked by something, by someone. His friends and everyone around him believe he's just anxious and prone to paranoia, questioning his mental state. But Jake is actually being followed by a small group of serial killers that track, drug, torture and drown beautiful young men leaving only a graffiti Smiley Face as their signature.",2020-12-08
18,8.073,1,549294,en,"[27, 878, 18]",Synchronic,1.0,"Two New Orleans paramedics' lives are ripped apart after encountering a series of horrific deaths linked to a designer drug with bizarre, otherworldly effects.",2020-10-23
19,11.872,0,713479,en,"[28, 35, 27]",Creatures,0.0,A group of astronomy students get more than they bargained for after finding an injured alien who is being targeted by a group of bloodthirsty CREATURES!.,2020-12-01
0,14.318,14,728123,sv,[99],I Am Greta,5.1,"Greta Thunberg, a 15-year-old student in Sweden, started a school strike for the climate as her question for adults was, if you don’t care about my future on earth, why should I care about my future in school? Within months, her strike evolved into a global movement as the quiet teenage girl on the autism spectrum becomes a world-famous activist.",2020-10-16
1,12.022,0,522772,en,[14],Sk8r Grrl,0.0,A gang of skater girls use newfound magic to save New York City from a coven of reptilian witches.,2020-11-22
2,14.185,0,761457,pt,"[27, 9648]",Último Pesadelo,0.0,,2020-11-18
3,10.684,21,536396,en,[18],Blackbird,6.9,"A terminally ill mother invites her family to their country house for one final gathering, but tensions quickly boil over between her two daughters.",2020-09-23
4,10.852,0,627103,en,"[35, 10749]","Love, Weddings and Other Disasters",0.0,"The female-driven, multi-story rom-com follows the people who work to create the perfect wedding day for the spouses-to-be even as their own relationships are outlandish and imperfect.",2020-12-04
5,10.568,103,605735,fr,"[35, 10751]",10 Days Without Mum,5.9,"Antoine is the Head of HR of a big company. Managing people is his thing, so when his overwhelmed wife suddenly decides to go on holiday and leave him with the responsibility of the house and their four kids, he knows it will be a piece of cake for him. But Antoine has drastically underestimated the mess that four mischievous kids can cause...",2020-02-19
6,10.663,36,718840,en,"[35, 10749]",A Nice Girl Like You,6.4,"Lucy Neal is thrown for a loop when she is accused of being too inhibited by her ex-boyfriend. In an effort to prove him wrong, Lucy creates a rather wild to-do list that sends her on a whirlwind and surprising journey of self-discovery, friendship, and new love.",2020-07-18
7,11.555,0,717380,en,[],SIX60: Till the Lights Go Out,0.0,"In 2019, SIX60 defied all convention when they attempted to be the first-ever New Zealand band to headline a concert at Western Springs Stadium. Alongside jaw-dropping coverage of their record-breaking concert is never seen before archival footage of Matiu Walters, Ji Fraser, Eli Paewai, Marlon Gerbes and Chris Mac on the extraordinary road they’ve taken to achieve a power of an appeal unseen in Aotearoa.",2020-11-26
8,9.782,0,532961,ja,"[16, 35, 12, 14]",Looking for Witch Apprentices,0.0,"The story follows 27-year-old Tokyo office worker Mire Yoshizuki who just returned to Japan, 22-year-old fourth-year college student Sora Nagase who aspires to be a teacher, and 20-year-old boyish, part-time Hiroshima okonomiyaki shop worker and freelancer Reika Kawatani. What draws together these three women from completely different walks of life is a magic gem. A ""New Magical Story"" begins when they are mysteriously brought together by chance and embark on a journey.",2020-11-13
9,13.468,0,581734,en,[18],Nomadland,0.0,"A woman in her sixties embarks on a journey through the Western United States after losing everything in the Great Recession, living as a van-dwelling modern-day nomad.",2020-11-30
10,9.062,0,642208,en,[18],Supernova,0.0,"Sam and Tusker, partners of 20 years, are traveling across England in their old RV visiting friends, family and places from their past. Since Tusker was diagnosed with early-onset dementia two years ago, their time together is the most important thing they have.  As the trip progresses, however, their ideas for the future clash, secrets come out, and their love for each other is tested as never before. Ultimately, they must confront the question of what it means to love one another in the face of Tusker’s illness.",2020-11-27
11,9.195,128,613349,fr,[35],A Good Doctor,6.7,"On Christmas eve, Serge is the only on-call emergency doctor available. Struck by a crippling back-ache, he gets help from a pizza delivery boy who will need to step in the doctor's shoes.",2019-12-11
12,11.838,3,523366,en,"[16, 12, 10751]",Dragon Rider,8.7,"An unlikely trio of heroes – a dragon, a boy and a forest brownie – embark on an epic adventure to find the “Rim of Heaven” - the mythological safe haven for all dragons.",2020-10-15
13,13.103,80,597088,ka,"[18, 10749]",And Then We Danced,7.7,Merab has been training since a young age at the National Georgian Ensemble with his dance partner Mary. His world is suddenly turned upside down when the charismatic and carefree Irakli arrives and becomes both his strongest rival and desire. In this conservative setting Merab finds himself having to break free and risk it all.,2019-09-13
14,12.313,0,633908,en,[35],The Stand In,0.0,The story of a disaffected comedy actress and her ambitious stand-in trading places.,2020-12-03
15,12.874,0,628333,en,"[18, 10749]",Wild Mountain Thyme,0.0,"Family conflicts arise when the patriarch threatens to give their farm over to an American nephew as opposed to his own son. Based off John Patrick Shanley's play ""Outside Mullingar"".",2020-12-11
16,12.189,43,477428,cs,"[18, 10752]",The Painted Bird,7.1,A young boy wanders Eastern Europe during World War II.,2019-09-12
17,9.019,54,426258,en,"[53, 18]",The Strange Ones,5.5,"Mysterious events surround the travels of two brothers as they make their way across a remote American landscape. On the surface all seems normal, but what appears to be a simple vacation soon gives way to a dark and complex web of secrets. This is the feature film version of the 2011 short film going by the same name.",2018-01-05
18,12.23,0,655831,id,[18],Tarung Sarung,0.0,"Deni Ruso was born from one of the richest families in Indonesia. For Deni money is everything, he even lost faith in God. Everything change when he goes to Makassar to take care of the family business, and meets Tenri, a Makassar activist girl who hates Ruso Corp as an environmental destroyer capitalist.",2020-11-19
19,8.678,111,192538,en,"[36, 28, 12]",Hammer of the Gods,4.5,"Action epic sees a passionate young man transform into a brutal warrior as he travels the unforgiving landscape in search of his long lost brother Hakan The Ferrocious, whose people are relying on him to restore order to their kingdom.",2013-07-05
0,12.093,40,508330,en,"[27, 53, 9648]",Awoken,6.2,"Karla, a young medical student, is trying to cure her brother, Blake, from a terminal sleep illness called Fatal Familial Insomnia, where you are unable to sleep until you die. On her quest to treat him, a more sinister reason for his condition is revealed.",2020-05-07
1,12.079,0,650747,es,[35],Unfortunate stories,0.0,"Four interconnected plots starring Ramón, a young heir; Bermejo, a tourist obsessed with order; Ayoub, an African immigrant pursuing his dream; and Alipio, a businessman addicted with gambling.",2020-11-19
2,10.666,0,754929,en,[],The Loss Adjuster,0.0,"Hapless Insurance Loss Adjuster - Martin Dyer - feels his life is spiralling out of control but discovers that even when you reach rock bottom, that some clouds really do have a silver lining.",2020-11-27
3,10.739,30,537140,en,"[18, 10749]",Hope Gap,6.0,A couple's visit with their son takes a dramatic turn when the father tells him he plans on leaving his mother.,2019-10-03
4,11.332,5,554761,en,[18],Falling,7.2,"John Peterson lives with his partner Eric and their adopted daughter in Southern California. When he is visited by his aging father Willis from Los Angeles who is searching for a place to retire, their two very different worlds collide.",2020-10-02
5,10.626,0,572488,en,"[18, 16]",A Christmas Carol,0.0,"The radical new take on Dickens’ classic seeks both to exhume the original story’s gritty commentary on social inequality and the corrupting influence of greed, and to breathe new life into the lyricism of the original text by setting its scenes to extraordinary tableaux of modern dance.",2020-12-04
6,11.548,0,760054,en,"[80, 53, 18]",Silent Night,0.0,"Mark, a low end South London hitman recently released from prison, tries to go straight for his daughter, but gets drawn back in by Alan, his former cellmate, to do one final job.",2020-12-11
7,11.659,0,759306,th,"[28, 35]",Riam Sing,0.0,"'Riam' is extremely envious of her sister 'Ram' because she is beautiful, mannered and sweet. That's making Riam even more envious and pranking her sister. But everything changed because of the arrival of the thief has capture Ram and her mother. Riam and the 'Riam Sing' gang have to go on an adventure to help her family.",2020-11-19
8,11.491,0,642114,ru,[53],Deadly Illusions,0.0,"The famous illusionists, the Romanov brothers, present to the public their grandiose show, after which they are going to end their joint performances because of the accumulated mutual claims. In the first issue, with the disappearance of the assistant from the aquarium filled with water, something goes wrong - it does not appear in the right place. Immediately in the stage headphones of the brothers, the voice of an unknown person says that the girl is with him. He also changed the way complex mechanisms work for tricks. And now they pose a threat to the lives of the brothers. But if the show does not continue, the “voice” will kill the assistant ... The beloved girl of one of the brothers.",2020-11-19
9,11.448,0,566135,ja,[],Tezuka's Barbara,0.0,An author develops a near-insane obsession with a mysterious woman.,2020-11-20
10,11.291,0,583754,ru,[18],Young Blooded Wine,0.0,Student friends Mila and Lucy are relaxing on the seashore in the house of a cordial and kind gardener of Glory. Female friendships are put to the test after a chance meeting with a man from Mila’s past. The love quadrilateral threatens to spoil the vacation and the whole life of the heroes.,2020-11-19
11,9.078,0,583757,en,[18],Princess of the Row,0.0,"The inspiring tale of a runaway foster child who will stop at nothing to live with the only family she knows: her homeless, mentally-ill veteran father who lives on the streets of LA's skid row.",2020-11-27
12,11.162,22,589540,es,"[18, 80, 53]",Spider,7.5,Three friends are part of a fascist opposition group in the chaotic Chile of the early 70's and together commit a political crime that changes the history of the country and incidentally involves them in a betrayal that separates them forever.,2019-08-15
13,8.582,29,512603,no,[18],Out Stealing Horses,6.5,"November 1999. 67-year-old Trond lives in new-found solitude and looks forward to spending New Year's Eve 2000 alone. As winter arrives he discovers he has a neighbor, a man Trond knew back in 1948, the summer he turned 15 and the summer Trond's father prepared him to carry the burden of his forthcoming betrayal and disappearance.",2019-03-08
14,7.743,0,611114,en,"[35, 18]",I Met a Girl,0.0,"An impulsive musician struggling with schizophrenia falls for a mysterious woman who may be all in his head. When she suddenly vanishes, he takes off on a cross- country journey across Australia to find her, forcing his long-suffering brother to try to rescue him.",2020-11-26
15,10.805,0,661566,uk,[],Numbers,0.0,"Ten figures walk around in a circle. All they have is a number. The “Great Zero” monitors them. Based on a dystopian parable by Oleg Sentsov, this film was created between Kyiv and the Siberian penal colony where Sentsov spent five years as a political prisoner.",2020-11-19
16,10.804,0,760510,ko,[16],추억의 검정고무신,0.0,,2020-11-19
17,10.769,0,530368,hu,[18],Spirál,0.0,,2020-11-19
18,10.748,0,757910,da,[10751],Malou's Christmas,0.0,"Trouble child, Malou is sent to live with new foster parents BIBI and LEIF on a small island. Malou resents everything and everyone, and just wants to escape. Local gnome, Nils hates change, and he hates Malou. The two form a pact to get her thrown off the island. But Malou finds personal success in helping Leif chop down Christmas trees, and before long she realizes that she's made a terrible mistake. But the gnome pact cannot be voided. Nils destroys the farm's traditional Christmas market and throws the blame on Malou. The trouble child has to step up and prove herself. After a fierce battle with Nils, Malou manages to restore her relationship with her new parents and save Christmas.",2020-11-19
19,10.7,0,747604,ko,[99],The Carthusian Cloistered Monastery,0.0,,2020-11-19
0,10.208,10,575773,en,[18],Rocks,6.9,A teenage girl suddenly finds herself struggling to take care of herself and her younger brother.,2020-09-09
1,8.962,0,630004,en,"[28, 53]",Way Down,0.0,"Learning that a legendary lost treasure will be deposited in the bank's safe for just 10 days, Thom masterminds a meticulous plan along with charismatic art dealer Walter to break into the Bank. But they have only 90 minutes to do so, when the bank's staff will be mightily distracted by the 2010 soccer World Cup final",2020-11-26
2,10.543,0,762658,fr,[18],Caravage & Moi,0.0,,2020-11-18
3,10.486,0,757554,ru,[35],Intruders,0.0,"The beautiful and self-confident Mila is trying to find a groom for the quiet and shy Lyuba. One evening they barely get away from the local punks and find themselves in the cozy house of the local guy Slava. Here they are found by the favorite of women Kolya, with whom Mila once had an affair. As a result, the inconspicuous and unlucky Lyuba takes her beloved away from the bright and successful Mila and leaves with him to Moscow. And Mila remains in the house by the sea and marries the humble Slava. Twenty years later, the heroes are waiting for a new meeting and a new turn in fate.",2020-11-19
4,9.922,0,739267,zh,[18],Classmates Minus,0.0,"A group of former high school pals who see their friendship put to test amid their struggles with love, marriage and careers.",2020-11-20
5,10.352,0,718118,bn,[],Bhotbhoti,0.0,"A fantasy romantic tale of a mermaid, this film is unique in its content. Directed by Tathagata Mukherjee, this film stars Bibriti Chatterjee in the lead, and is produced by PSS Entertainments and Pramod Films.",2020-11-19
6,7.359,0,759130,en,[],Glitter Land,0.0,A young and timid artist embarks on a fantastical journey after escaping a field trip with her antagonistic teacher. Will she find her way to Glitter Land?,2020-11-22
7,9.148,0,713946,fi,"[35, 10749]",Stand Up,0.0,"Recently unemployed and feeling a little bit lost, Maria takes part in stand-up class and ends up on competition tour for novice comedians.",2020-11-20
8,9.149,0,760726,es,[],Wintersong,0.0,"Danielle, a young musician, sets off on a journey with Diego, her best friend, while both of them face the pain of breaking-up with their partners. Ending up at the north border of Mexico, they’ll have to use their abilities as musicians to survive as they get to know the complicated context between the US and Mexico. Two broken hearts, two friends, a road trip, a new lover, but fundamentally, a deep need to find themselves.",2020-11-20
9,6.299,5,720755,en,"[35, 18]",The Kid Detective,6.4,"A once-celebrated kid detective, now 31, continues to solve the same trivial mysteries between hangovers and bouts of self-pity. Until a naive client brings him his first 'adult' case, to find out who brutally murdered her boyfriend.",2020-10-16
10,9.948,0,760556,en,"[10749, 35, 18]",Lost at Christmas,0.0,"Set in the remote Scottish town of Fort William on Christmas Eve, when life is turned upside down for Jen and Rob. Suddenly finding themselves heartbroken, single and stranded, they team up to try and reach home 100 miles away to be with their families. ""Borrowing"" Jen’s now ex-boyfriend’s classic car, the pair hit the road, but it’s not long before the weather turns for the worse forcing them to continue their journey on foot.",2020-12-04
11,5.632,0,498402,fr,"[18, 35]",The Power of Love (Famous),0.0,The life story of Canadian singing sensation Céline Dion.,2020-11-11
12,9.747,0,575072,ru,"[53, 18, 878]",Run,0.0,"Sergey is a Russian athletics champion whose career is destroyed in a moment by a car accident. Then he discovers that while his injuries have diminished his athletic abilities, they have also given him paranormal abilities to see the past, when his heart races too fast. Meanwhile, detective Nastya is trying to stop a maniac who is killing women in the city. And, somehow, all the victims are related to Sergey, who will need to master his new powers to stop the murderer.",2020-11-19
13,8.07,0,625658,tl,[18],Fan Girl,0.0,An obsessed teenage fan finds herself inside a mansion with her celebrity idol she thought she knew and learns exactly why they say never meet your heroes.,2020-11-20
14,8.424,18,595931,en,"[35, 18]",The Climb,6.8,A look at the friendship between two guys that spans over many years.,2020-07-29
15,8.181,0,570871,de,"[18, 878, 14]",Final Voyage,0.0,"Two dissimilar men in a small, old spaceship set off in search of a new home.",2020-12-03
16,9.468,0,730596,en,"[80, 18, 35]",Benevolence,0.0,"Charley White lives under the same roof with three of his unreliable friends. Together they steal their food and furniture by posing as fake house movers to take furniture and daily newspaper drivers to make money.  After slowly losing money, they are unable to fully pay for their rent and have to pay double the amount next month. Becoming panicked, Charley slowly develops a plan to join the local ""Red Hearts Charity"", become the organizer's head, and slowly feed donated money out into their own pocket.",2020-11-20
17,9.446,0,540023,en,"[18, 10749]",Wander Darkly,0.0,New parents Adrienne and Matteo are forced to reckon with trauma amidst their troubled relationship. They must revisit the memories of their past and unravel haunting truths in order to face their uncertain future.,2020-12-11
18,6.964,11,607383,en,"[35, 27]",Aquaslash,3.8,"To celebrate their graduation, the teenagers from Valley Hills High School have organized an ’80s-themed party at the old Wet Valley water park. Things turn gruesome when it's revealed that a mysterious maniac has inserted giant razor blades into one of the water slides. The water park thus becomes the backdrop for a bloodbath (literally), and everyone is a suspect...",2020-06-23
19,5.692,17,581526,ko,"[28, 80]",Deliver Us from Evil,7.6,"In-nam (HWANG Jung-min) is a Korean hitman living in Japan who completes what he has decided will be his final job. But soon after, he learns that the daughter of a woman from his past (CHOI Hee-seo), who now lives in Thailand, has been kidnapped. He heads to Southeast Asia to find the child, after a brief stop in Incheon, where he is helped by the bar worker Yoo-yi (PARK Jung-min). However, he has not reached Thailand alone, as on his trail is the vicious gangster Ray (LEE Jung-jae), whose brother was recently assassinated by In-nam.",2020-08-05
0,9.066,8,545237,en,[18],The Nest,7.0,"Rory is an ambitious entrepreneur who brings his American wife and kids to his native country, England, to explore new business opportunities. After abandoning the sanctuary of their safe American suburban surroundings, the family is plunged into the despair of an archaic '80s Britain and their unaffordable new life in an English manor house threatens to destroy the family.",2020-05-08
1,9.149,0,754899,zh,[18],Babi,0.0,,2020-11-20
2,8.528,0,761514,es,[99],Anatomía de un Dandy,0.0,,2020-11-20
3,7.735,0,631884,en,[53],Happy Suicide,0.0,A woman wants to protect her lover from a horrible secret and she makes a decision to protect him and his child even if she lost her own life because she thought that is love unconditionally.,2020-12-11
4,8.917,0,663870,da,[35],Riders of Justice,0.0,"The deployed military man Markus has to go home to his teenage daughter, Mathilde, when his wife dies in a tragic train accident. It seems to be plain bad luck – until the mathematics geek Otto shows up with his two eccentric colleagues, Lennart and Emmenthaler. Otto was also a passenger on the wrecked train. He is convinced someone must have been behind it. As the clues pile up, it becomes clear to Markus that it might have been a carefully orchestrated assassination, which his wife ended up being a random casualty of.",2020-11-19
5,8.893,66,429977,de,"[35, 28]",Hot Dog,5.6,A pair of Tactical Units Police Officers from different walks of life come together to rescue an ambassador's daughter.,2018-01-18
6,7.886,16,534789,en,"[10751, 16, 12]",Thomas & Friends: Big World! Big Adventures! The Movie,7.4,"Thomas leaves Sodor to fulfil his dream of seeing the world. This heroic quest takes Thomas across deserts, through jungles and over dangerous mountains as he travels across five continents seeing sights he has never seen before.",2018-07-20
7,7.394,35,621707,en,"[27, 53, 9648]",The Vigil,5.7,A man providing overnight watch to a deceased member of his former Orthodox Jewish community finds himself opposite a malevolent entity.,2020-07-29
8,7.738,0,733513,no,"[18, 35]",Oslo Copenhagen,0.0,"A Norwegian couple invites their Danish friends on a ferry trip between Norway and Denmark. On the journey, something catastrophic happens and they ask them a question that puts everyone's relationship in jeopardy.",2020-11-20
9,5.349,49,659699,fr,[35],Delete History,5.4,"In a provincial suburb, three neighbours come to terms with the consequences of the new world of social media. Marie, who lives off her husband’s family allowance, is afraid of losing her son’s respect because of a sex tape. Bertrand can’t say no to advertising calls and is fighting to protect his daughter, who is being bullied online. Christine, after losing everything because of her addiction to TV series, wonders why her rating as an Uber driver is not taking off. These three lone fighters are incapable of finding a solution to their problems on their own — until they join forces to declare war on the tech giants.",2020-08-26
10,8.467,240,613080,it,"[35, 14]",Once Upon a Time in Bethlehem,6.3,"A thief and a priest end up magically transported in the year 0's Palestine, where they'll have to make sure that the Nativity will follow its course.",2019-12-12
11,7.474,0,653708,en,[18],Herself,0.0,"Struggling to provide her daughters with a safe, happy home, Sandra decides to build one - from scratch. Using all her ingenuity to make her ambitious dream a reality, Sandra draws together a community to lend a helping hand to build her house and ultimately recover her own sense of self.",2020-11-26
12,6.473,45,582887,fr,"[18, 10749, 35]",The Best Years of a Life,6.7,"They knew each other long ago: a man and a woman whose dazzling and unexpected romance captured in the now-iconic film, revolutionized our understanding of love. Today, the former race car driver seems lost in the pathways of his memory. In order to help him, his son seeks out the woman his father wasn’t able to cherish but whom he constantly revisits in his thoughts and dreams. Anne reunites with Jean-Louis and their story picks up where they left it…",2019-05-22
13,8.009,0,651589,es,"[53, 80]",Hasta el cielo,0.0,,2020-11-27
14,8.289,0,750484,no,[10751],Bo Bear Celebrates Christmas,0.0,"When Johannes does not find any traces of Santa in the Santa workshop, he becomes worried that it may not be a proper Christmas this year. Johannes can not risk it, so he and Brillebjørn do everything they can for Santa to visit them on Christmas Eve.",2020-11-20
15,8.268,30,348672,sv,"[18, 35]",About Endlessness,6.6,"Inspired by “One Thousand and One Nights,” the celebrated collection of Middle Eastern and Indian folk tales, “About Endlessness,” in its juxtaposition of tableaux capturing moments in life, explores the preciousness and beauty of our existence, awakening in us the wish to maintain this eternal treasure and pass it on.",2019-11-15
16,8.035,0,751163,pl,"[37, 18]",Magnezja,0.0,,2020-11-20
17,6.36,4,649137,en,"[99, 10402]",Billie,7.0,"‘Lady Day’ was one of the greatest jazz vocalists the world ever heard. In 1971, journalist Linda Lipnack Kuehl set out to write the definitive biography of Billie Holiday. Before her mysterious death in 1978, Lipnack Kuehl had taped over 200 hours of interviews. The tapes have never been heard. Now they form the basis of an atmospheric, multi-layered documentary that captures the many complex facets of a proud black woman, violent drug addict, loyal friend, vindictive lover and unforgettable singer of ‘God Bless The Child’, ‘Saddest Tale’ and the haunting ‘Strange Fruit’.",2020-09-30
18,5.758,4,601131,en,"[16, 12, 35, 10751]",Norm of the North: King Sized Adventure,7.6,"An ancient Chinese artifact has been stolen by a villainous archaeologist named Dexter. With the help of his Lemming friends, Norm must keep his word and embark on a journey across the world to help recover the artifact for the people of China.",2019-06-11
19,7.67,0,761317,pt,[99],Caminhos Encobertos,0.0,"Karai Mirim and Karai Jekupe are Guarani Mbya leaders who live in the Jaraguá Indigenous Land, in São Paulo. As they ascend the Pico do Jaraguá, they tell the Guarani history of the metropolis.",2020-11-20
0,7.623,0,743417,en,[],Breakout Brothers,0.0,,2020-12-03
1,5.643,0,696177,en,"[53, 80, 18]",La Femme Anjola,0.0,A psychological-thriller film noir about a young male stock broker whose life is turned upside down when he falls for a femme fatale married to a wealthy gangster.,2020-12-01
2,6.424,0,547565,en,"[27, 53]",The Night House,0.0,A widow begins to uncover her recently deceased husband's disturbing secrets.,2020-10-01
3,7.082,19,507773,ko,"[18, 53]",Bring Me Home,6.9,"Six years after her son went missing, dedicated mother Jung-Yeon still hasn't lost hope - even after her husband's shocking accident while rushing to follow up on a potential sighting. Although she's in mourning, drowned in despair for her losses, she doesn't give up. Just when everything feels like it's in vain, she hears about a young boy living in a fishing community outside the city who seems to resemble her lost son. Facing strange surroundings and corrupt cops covering up child abuse, Jung-yeon may not be able to handle all the obstacles in her way, let alone fend for herself.",2019-11-27
4,5.298,0,637202,ja,[16],Fate/Grand Order The Movie Divine Realm of the Round Table: Camelot - Wandering: Agateram,0.0,,2020-12-05
5,3.177,0,667935,fa,[18],There Is No Evil,0.0,"Heshmat, an exemplary husband and father, gets up very early every day. Where does he go? Pouya cannot imagine killing another man, yet he is told he must do so. Javad doesn’t know that proposing to his beloved won’t be the only surprise on her birthday. Bahram is a physician but is unable to practice medicine. He has decided to explain to his visiting niece the reason for his life as an outcast.",2020-12-03
6,6.02,0,762311,en,[18],Sisters,0.0,"Meabh, a spirited fifteen-year-old, shields her two younger sisters, Lucy and Aine, from the ongoing neglect and abuse they are experiencing in their catholic children’s home by telling them transcendent Irish Fairy Tales. Desperate to protect them, Meabh takes the blame for her sisters’ rule breaking, resulting in severe punishment from the head nun, Sister Joan. Fearful her sisters will be adopted by another family without her, Meabh plots an escape.",2020-11-22
7,5.414,0,605680,ko,[80],Collectors,0.0,"Kang Dong-goo is a genius robber with a unique touch and intuition. He works with antiquated burial place mural expert, Dr. Jones and legendary shoveling master, Sapdari. There is curator Yoon, an antiques expert, she offers an appealing but daring heist idea to Kang Dong-goo.",2020-11-04
8,6.429,13,424201,en,[18],Burden,6.0,"Ku Klux Klansman Mike Burden opens the Redneck Shop and KKK museum in historic Laurens, SC. He subsequently falls in love with a single mother and, under her influence, quits the Klan and is taken in by an African American Reverend.",2020-02-28
9,4.961,0,718084,en,[99],The Last Hillbilly,0.0,"Kentucky. For decades, Brian Ritchie's family has been living in the heart of the Appalachians. But the mines have been shut down, with nothing to replace them. Caught between a mythical past and an indiscernible future, Brian is one of the last witnesses of a vanishing world, that inspires his poetry.",2020-12-02
10,5.837,4,744738,en,"[27, 878]",Dune Drifter,5.4,"When the trainee pilot and her mortally wounded gunner are shot down, they crash land on a nearby planet. An enemy craft offers the chance of spare parts to fix her ship, but then she spots another survivor - an enemy alien soldier with no intention of letting her escape.",2020-10-24
11,4.562,0,763180,en,[],Esquirlas,0.0,"On 3 November 1995, the Rio Tercero Military Factory exploded in Cordoba, prompting thousands of projectiles to fire and spread in the surrounding villages, in a tragedy that would leave seven dead and hundreds injured and affected.  At the time, Natalia Garayalde was a twelve-year-old girl who lived with her family near the place, and he was still playing filming with the video camera her father had bought, when she recorded the immediate moments of the burst, while her family escaped the explosions, as well as the daily activities of the village in the days and weeks that follow.  Twenty-five years later, that material captured from a girl's candid and surprised gaze it becomes a thoughtful and painful testimony about the family, the destruction of a city, the traces of horror, the sinister truth about the case.",2020-11-23
12,5.457,0,633515,nl,"[18, 10752, 36]",The Forgotten Battle,0.0,,2020-11-26
13,4.927,48,613319,fr,[35],Selfie,5.6,"In a world where digital technology has invaded our lives, some of us end up cracking. Addict or technophobe, with family or at school, at work or in love, SELFIE tells the comic and wild destinies of Homo Numericus on the verge of a nervous breakdown.",2020-01-15
14,6.26,0,583293,en,"[18, 9648, 53, 10749]",Complete Strangers,0.0,"A recovering alcoholic returns to his hometown after a hiatus, and falls in love with a man who will turn his world upside down.",2020-12-01
15,6.292,0,741032,en,[],Danyka,0.0,"An old writer comes to visit a friend's house along his wife. There, he meets a young girl.",2020-11-26
16,4.199,0,653756,es,[99],The Mole Agent,0.0,"When a family becomes concerned about their mother’s well-being in a retirement home, private investigator Romulo hires Sergio, an 83 year-old man who becomes a new resident–and a mole inside the home, who struggles to balance his assignment with becoming increasingly involved in the lives of several residents.",2020-12-11
17,5.035,34,660330,fr,[18],Night Shift,6.3,"Three Parisian police officers are charged with driving a stranger back to the border. However, Virginie realizes their prisoner will most likely be killed upon return to his country and so goes about attempting to convince her fellow officers to release him.",2020-05-21
18,4.251,0,745589,fr,"[18, 53]",Villa caprice,0.0,,2020-11-25
19,6.157,74,573650,it,"[35, 18]",Bangla,6.1,"A 22 year-old Bangladeshi-Italian Muslim boy meets a beautiful, exciting Italian girl who makes him re-analyze his beliefs and culture.",2019-05-16